{"cameraMode":{"drawMode":0,"name":"Shaded","section":"Shading Mode"},"sceneLighting":false,"audioPlay":false,"sceneViewState":{"m_AlwaysRefresh":false,"showFog":true,"showSkybox":false,"showFlares":true,"showImageEffects":true,"showParticleSystems":true,"showVisualEffectGraphs":true,"m_FxEnabled":true},"in2DMode":false,"pivot":{"x":2.9802322387695315e-8,"y":0.543433666229248,"z":-0.06368452310562134},"rotation":{"x":0.0014086711453273893,"y":0.9985503554344177,"z":-0.03327402472496033,"w":0.04226422309875488},"size":2.190004587173462,"orthographic":false}